{"0.8906595459753297":{"user_id":4},"0.23692234543611046":{"user_id":4},"0.28335864016539625":{"user_id":4},"0.5266999574555371":{"user_id":4},"0.3856314999863253":{"user_id":4},"0.4249490130203528":{"user_id":4},"0.24645413265161187":{"user_id":4},"0.28194243142065245":{"user_id":4},"0.6761840423259322":{"user_id":4},"0.6052144889967064":{"user_id":4},"0.0041088190004441305":{"user_id":4},"0.6300723391865832":{"user_id":4},"0.3482277005107246":{"user_id":4},"0.16052450611468694":{"user_id":4}}